Time,linear.x,linear.y,linear.z,angular.x,angular.y,angular.z
1779481167.8479314,0.1,0.0,0.0,0.0,0.0,0.2
1779481167.847943,0.1,0.0,0.0,0.0,0.0,0.2
1779481167.9479985,0.1,0.0,0.0,0.0,0.0,0.2
1779481168.0479538,0.1,0.0,0.0,0.0,0.0,0.2
1779481168.1479013,0.1,0.0,0.0,0.0,0.0,0.2
1779481168.2480204,0.1,0.0,0.0,0.0,0.0,0.2
1779481168.3480525,0.1,0.0,0.0,0.0,0.0,0.2
1779481168.4480069,0.1,0.0,0.0,0.0,0.0,0.2
1779481168.5480635,0.1,0.0,0.0,0.0,0.0,0.2
1779481168.6479883,0.1,0.0,0.0,0.0,0.0,0.2
1779481168.7480936,0.1,0.0,0.0,0.0,0.0,0.2
1779481168.847929,0.1,0.0,0.0,0.0,0.0,0.2
1779481168.9482338,0.1,0.0,0.0,0.0,0.0,0.2
1779481169.0480385,0.1,0.0,0.0,0.0,0.0,0.2
1779481169.1479566,0.1,0.0,0.0,0.0,0.0,0.2
1779481169.2479787,0.1,0.0,0.0,0.0,0.0,0.2
1779481169.3480473,0.1,0.0,0.0,0.0,0.0,0.2
1779481169.4479465,0.1,0.0,0.0,0.0,0.0,0.2
1779481169.5481539,0.1,0.0,0.0,0.0,0.0,0.2
1779481169.6480343,0.1,0.0,0.0,0.0,0.0,0.2
1779481169.7479787,0.1,0.0,0.0,0.0,0.0,0.2
1779481169.8480012,0.1,0.0,0.0,0.0,0.0,0.2
1779481169.9479697,0.1,0.0,0.0,0.0,0.0,0.2
1779481170.0480094,0.1,0.0,0.0,0.0,0.0,0.2
1779481170.1479208,0.1,0.0,0.0,0.0,0.0,0.2
1779481170.248085,0.1,0.0,0.0,0.0,0.0,0.2
1779481170.3481061,0.1,0.0,0.0,0.0,0.0,0.2
1779481170.4480948,0.1,0.0,0.0,0.0,0.0,0.2
1779481170.5481212,0.1,0.0,0.0,0.0,0.0,0.2
1779481170.6476448,0.1,0.0,0.0,0.0,0.0,0.2
1779481170.7480116,0.1,0.0,0.0,0.0,0.0,0.2
1779481170.8480809,0.1,0.0,0.0,0.0,0.0,0.2
1779481170.9479978,0.1,0.0,0.0,0.0,0.0,0.2
1779481171.0480735,0.1,0.0,0.0,0.0,0.0,0.2
1779481171.1478956,0.1,0.0,0.0,0.0,0.0,0.2
1779481171.247791,0.1,0.0,0.0,0.0,0.0,0.2
1779481171.347874,0.1,0.0,0.0,0.0,0.0,0.2
1779481171.4481914,0.1,0.0,0.0,0.0,0.0,0.2
1779481171.5480254,0.1,0.0,0.0,0.0,0.0,0.2
1779481171.6480827,0.1,0.0,0.0,0.0,0.0,0.2
1779481171.7481399,0.1,0.0,0.0,0.0,0.0,0.2
1779481171.8479989,0.1,0.0,0.0,0.0,0.0,0.2
1779481171.9479222,0.1,0.0,0.0,0.0,0.0,0.2
1779481172.0479264,0.1,0.0,0.0,0.0,0.0,0.2
1779481172.148078,0.1,0.0,0.0,0.0,0.0,0.2
1779481172.2480853,0.1,0.0,0.0,0.0,0.0,0.2
1779481172.3478563,0.1,0.0,0.0,0.0,0.0,0.2
1779481172.448024,0.1,0.0,0.0,0.0,0.0,0.2
1779481172.548053,0.1,0.0,0.0,0.0,0.0,0.2
1779481172.6479943,0.1,0.0,0.0,0.0,0.0,0.2
1779481172.7478209,0.1,0.0,0.0,0.0,0.0,0.2
1779481172.8479,0.1,0.0,0.0,0.0,0.0,0.2
1779481172.9479876,0.1,0.0,0.0,0.0,0.0,0.2
1779481173.048052,0.1,0.0,0.0,0.0,0.0,0.2
1779481173.148074,0.1,0.0,0.0,0.0,0.0,0.2
1779481173.2480357,0.1,0.0,0.0,0.0,0.0,0.2
1779481173.3481114,0.1,0.0,0.0,0.0,0.0,0.2
1779481173.4480057,0.1,0.0,0.0,0.0,0.0,0.2
1779481173.547993,0.1,0.0,0.0,0.0,0.0,0.2
1779481173.6480732,0.1,0.0,0.0,0.0,0.0,0.2
1779481173.7483711,0.1,0.0,0.0,0.0,0.0,0.2
1779481173.8478887,0.1,0.0,0.0,0.0,0.0,0.2
1779481173.9479516,0.1,0.0,0.0,0.0,0.0,0.2
1779481174.0479693,0.1,0.0,0.0,0.0,0.0,0.2
1779481174.1480365,0.1,0.0,0.0,0.0,0.0,0.2
1779481174.2479844,0.1,0.0,0.0,0.0,0.0,0.2
1779481174.3480031,0.1,0.0,0.0,0.0,0.0,0.2
1779481174.4480417,0.1,0.0,0.0,0.0,0.0,0.2
1779481174.547992,0.1,0.0,0.0,0.0,0.0,0.2
1779481174.648117,0.1,0.0,0.0,0.0,0.0,0.2
1779481174.7478824,0.1,0.0,0.0,0.0,0.0,0.2
1779481174.8479679,0.1,0.0,0.0,0.0,0.0,0.2
1779481174.9479551,0.1,0.0,0.0,0.0,0.0,0.2
1779481175.047998,0.1,0.0,0.0,0.0,0.0,0.2
1779481175.1478872,0.1,0.0,0.0,0.0,0.0,0.2
1779481175.2478936,0.1,0.0,0.0,0.0,0.0,0.2
1779481175.3480349,0.1,0.0,0.0,0.0,0.0,0.2
1779481175.447981,0.1,0.0,0.0,0.0,0.0,0.2
1779481175.5480475,0.1,0.0,0.0,0.0,0.0,0.2
1779481175.6480308,0.1,0.0,0.0,0.0,0.0,0.2
1779481175.7479613,0.1,0.0,0.0,0.0,0.0,0.2
1779481175.8478627,0.1,0.0,0.0,0.0,0.0,0.2
1779481175.9479988,0.1,0.0,0.0,0.0,0.0,0.2
1779481176.0479882,0.1,0.0,0.0,0.0,0.0,0.2
1779481176.1478636,0.1,0.0,0.0,0.0,0.0,0.2
1779481176.2478197,0.1,0.0,0.0,0.0,0.0,0.2
1779481176.3480165,0.1,0.0,0.0,0.0,0.0,0.2
1779481176.448,0.1,0.0,0.0,0.0,0.0,0.2
1779481176.5481079,0.1,0.0,0.0,0.0,0.0,0.2
1779481176.6482074,0.1,0.0,0.0,0.0,0.0,0.2
1779481176.7479672,0.1,0.0,0.0,0.0,0.0,0.2
1779481176.8479877,0.1,0.0,0.0,0.0,0.0,0.2
1779481176.9481125,0.1,0.0,0.0,0.0,0.0,0.2
1779481177.0479345,0.1,0.0,0.0,0.0,0.0,0.2
1779481177.1480634,0.1,0.0,0.0,0.0,0.0,0.2
1779481177.2479827,0.1,0.0,0.0,0.0,0.0,0.2
1779481177.348007,0.1,0.0,0.0,0.0,0.0,0.2
1779481177.4480479,0.1,0.0,0.0,0.0,0.0,0.2
1779481177.547964,0.1,0.0,0.0,0.0,0.0,0.2
1779481177.6479244,0.1,0.0,0.0,0.0,0.0,0.2
1779481177.7481198,0.1,0.0,0.0,0.0,0.0,0.2
1779481177.8480093,0.1,0.0,0.0,0.0,0.0,0.2
1779481177.947996,0.1,0.0,0.0,0.0,0.0,0.2
1779481178.0480533,0.1,0.0,0.0,0.0,0.0,0.2
1779481178.148084,0.1,0.0,0.0,0.0,0.0,0.2
1779481178.2478006,0.1,0.0,0.0,0.0,0.0,0.2
1779481178.3478749,0.1,0.0,0.0,0.0,0.0,0.2
1779481178.4478638,0.1,0.0,0.0,0.0,0.0,0.2
1779481178.5478795,0.1,0.0,0.0,0.0,0.0,0.2
1779481178.6480834,0.1,0.0,0.0,0.0,0.0,0.2
1779481178.7479527,0.1,0.0,0.0,0.0,0.0,0.2
1779481178.8478158,0.1,0.0,0.0,0.0,0.0,0.2
1779481178.947977,0.1,0.0,0.0,0.0,0.0,0.2
1779481179.0480022,0.1,0.0,0.0,0.0,0.0,0.2
1779481179.1479392,0.1,0.0,0.0,0.0,0.0,0.2
1779481179.2479186,0.1,0.0,0.0,0.0,0.0,0.2
1779481179.3478591,0.1,0.0,0.0,0.0,0.0,0.2
1779481179.4482036,0.1,0.0,0.0,0.0,0.0,0.2
1779481179.5480328,0.1,0.0,0.0,0.0,0.0,0.2
1779481179.6481645,0.1,0.0,0.0,0.0,0.0,0.2
1779481179.74807,0.1,0.0,0.0,0.0,0.0,0.2
1779481179.8480046,0.1,0.0,0.0,0.0,0.0,0.2
1779481179.94797,0.1,0.0,0.0,0.0,0.0,0.2
1779481180.0478466,0.1,0.0,0.0,0.0,0.0,0.2
1779481180.1479013,0.1,0.0,0.0,0.0,0.0,0.2
1779481180.2479568,0.1,0.0,0.0,0.0,0.0,0.2
1779481180.3478181,0.1,0.0,0.0,0.0,0.0,0.2
1779481180.4479764,0.1,0.0,0.0,0.0,0.0,0.2
1779481180.5482156,0.1,0.0,0.0,0.0,0.0,0.2
1779481180.6480265,0.1,0.0,0.0,0.0,0.0,0.2
1779481180.7479563,0.1,0.0,0.0,0.0,0.0,0.2
1779481180.8478515,0.1,0.0,0.0,0.0,0.0,0.2
1779481180.9484327,0.1,0.0,0.0,0.0,0.0,0.2
1779481181.0480604,0.1,0.0,0.0,0.0,0.0,0.2
1779481181.1480992,0.1,0.0,0.0,0.0,0.0,0.2
1779481181.24785,0.1,0.0,0.0,0.0,0.0,0.2
1779481181.347985,0.1,0.0,0.0,0.0,0.0,0.2
1779481181.4480195,0.1,0.0,0.0,0.0,0.0,0.2
1779481181.5479417,0.1,0.0,0.0,0.0,0.0,0.2
1779481181.6479466,0.1,0.0,0.0,0.0,0.0,0.2
1779481181.7479622,0.1,0.0,0.0,0.0,0.0,0.2
1779481181.8477695,0.1,0.0,0.0,0.0,0.0,0.2
1779481181.947763,0.1,0.0,0.0,0.0,0.0,0.2
1779481182.048017,0.1,0.0,0.0,0.0,0.0,0.2
1779481182.1479945,0.1,0.0,0.0,0.0,0.0,0.2
1779481182.247847,0.1,0.0,0.0,0.0,0.0,0.2
1779481182.3479111,0.1,0.0,0.0,0.0,0.0,0.2
1779481182.447886,0.1,0.0,0.0,0.0,0.0,0.2
1779481182.547816,0.1,0.0,0.0,0.0,0.0,0.2
1779481182.6478987,0.1,0.0,0.0,0.0,0.0,0.2
1779481182.747816,0.1,0.0,0.0,0.0,0.0,0.2
1779481182.8478446,0.1,0.0,0.0,0.0,0.0,0.2
1779481182.947529,0.1,0.0,0.0,0.0,0.0,0.2
1779481183.0480201,0.1,0.0,0.0,0.0,0.0,0.2
1779481183.1478686,0.1,0.0,0.0,0.0,0.0,0.2
1779481183.24802,0.1,0.0,0.0,0.0,0.0,0.2
1779481183.3479774,0.1,0.0,0.0,0.0,0.0,0.2
1779481183.4479396,0.1,0.0,0.0,0.0,0.0,0.2
1779481183.5479002,0.1,0.0,0.0,0.0,0.0,0.2
1779481183.6479275,0.1,0.0,0.0,0.0,0.0,0.2
1779481183.7482488,0.1,0.0,0.0,0.0,0.0,0.2
1779481183.8480682,0.1,0.0,0.0,0.0,0.0,0.2
1779481183.9482331,0.1,0.0,0.0,0.0,0.0,0.2
1779481184.048098,0.1,0.0,0.0,0.0,0.0,0.2
1779481184.14797,0.1,0.0,0.0,0.0,0.0,0.2
1779481184.247899,0.1,0.0,0.0,0.0,0.0,0.2
1779481184.347867,0.1,0.0,0.0,0.0,0.0,0.2
1779481184.4480023,0.1,0.0,0.0,0.0,0.0,0.2
1779481184.5478852,0.1,0.0,0.0,0.0,0.0,0.2
1779481184.6479263,0.1,0.0,0.0,0.0,0.0,0.2
1779481184.7479348,0.1,0.0,0.0,0.0,0.0,0.2
1779481184.8479729,0.1,0.0,0.0,0.0,0.0,0.2
1779481184.9480093,0.1,0.0,0.0,0.0,0.0,0.2
1779481185.048028,0.1,0.0,0.0,0.0,0.0,0.2
1779481185.1479096,0.1,0.0,0.0,0.0,0.0,0.2
1779481185.247975,0.1,0.0,0.0,0.0,0.0,0.2
1779481185.3478703,0.1,0.0,0.0,0.0,0.0,0.2
1779481185.4478376,0.1,0.0,0.0,0.0,0.0,0.2
1779481185.5479918,0.1,0.0,0.0,0.0,0.0,0.2
1779481185.6478405,0.1,0.0,0.0,0.0,0.0,0.2
1779481185.7479334,0.1,0.0,0.0,0.0,0.0,0.2
1779481185.8478227,0.1,0.0,0.0,0.0,0.0,0.2
1779481185.9479702,0.1,0.0,0.0,0.0,0.0,0.2
1779481186.047938,0.1,0.0,0.0,0.0,0.0,0.2
1779481186.1478548,0.1,0.0,0.0,0.0,0.0,0.2
1779481186.247942,0.1,0.0,0.0,0.0,0.0,0.2
1779481186.3480415,0.1,0.0,0.0,0.0,0.0,0.2
1779481186.4481254,0.1,0.0,0.0,0.0,0.0,0.2
1779481186.548186,0.1,0.0,0.0,0.0,0.0,0.2
1779481186.647893,0.1,0.0,0.0,0.0,0.0,0.2
1779481186.7480683,0.1,0.0,0.0,0.0,0.0,0.2
1779481186.848076,0.1,0.0,0.0,0.0,0.0,0.2
1779481186.9479885,0.1,0.0,0.0,0.0,0.0,0.2
1779481187.0479052,0.1,0.0,0.0,0.0,0.0,0.2
1779481187.1479814,0.1,0.0,0.0,0.0,0.0,0.2
1779481187.248047,0.1,0.0,0.0,0.0,0.0,0.2
1779481187.3479548,0.1,0.0,0.0,0.0,0.0,0.2
1779481187.447996,0.1,0.0,0.0,0.0,0.0,0.2
1779481187.5480232,0.1,0.0,0.0,0.0,0.0,0.2
1779481187.6479719,0.1,0.0,0.0,0.0,0.0,0.2
1779481187.74826,0.1,0.0,0.0,0.0,0.0,0.2
1779481187.8480024,0.1,0.0,0.0,0.0,0.0,0.2
1779481187.947876,0.1,0.0,0.0,0.0,0.0,0.2
1779481188.0477626,0.1,0.0,0.0,0.0,0.0,0.2
1779481188.1480155,0.1,0.0,0.0,0.0,0.0,0.2
1779481188.2480242,0.1,0.0,0.0,0.0,0.0,0.2
1779481188.3479798,0.1,0.0,0.0,0.0,0.0,0.2
1779481188.4479947,0.1,0.0,0.0,0.0,0.0,0.2
1779481188.5479283,0.1,0.0,0.0,0.0,0.0,0.2
1779481188.647962,0.1,0.0,0.0,0.0,0.0,0.2
1779481188.7479625,0.1,0.0,0.0,0.0,0.0,0.2
1779481188.8480144,0.1,0.0,0.0,0.0,0.0,0.2
1779481188.947937,0.1,0.0,0.0,0.0,0.0,0.2
1779481189.0479262,0.1,0.0,0.0,0.0,0.0,0.2
1779481189.1477926,0.1,0.0,0.0,0.0,0.0,0.2
1779481189.2478235,0.1,0.0,0.0,0.0,0.0,0.2
1779481189.3479626,0.1,0.0,0.0,0.0,0.0,0.2
1779481189.4480007,0.1,0.0,0.0,0.0,0.0,0.2
1779481189.5479107,0.1,0.0,0.0,0.0,0.0,0.2
1779481189.6479347,0.1,0.0,0.0,0.0,0.0,0.2
1779481189.7479563,0.1,0.0,0.0,0.0,0.0,0.2
1779481189.8477888,0.1,0.0,0.0,0.0,0.0,0.2
1779481189.9479744,0.1,0.0,0.0,0.0,0.0,0.2
1779481190.04781,0.1,0.0,0.0,0.0,0.0,0.2
1779481190.1479223,0.1,0.0,0.0,0.0,0.0,0.2
1779481190.2479703,0.1,0.0,0.0,0.0,0.0,0.2
1779481190.3478107,0.1,0.0,0.0,0.0,0.0,0.2
1779481190.4477432,0.1,0.0,0.0,0.0,0.0,0.2
1779481190.547986,0.1,0.0,0.0,0.0,0.0,0.2
1779481190.647896,0.1,0.0,0.0,0.0,0.0,0.2
1779481190.748011,0.1,0.0,0.0,0.0,0.0,0.2
1779481190.847926,0.1,0.0,0.0,0.0,0.0,0.2
1779481190.9477456,0.1,0.0,0.0,0.0,0.0,0.2
1779481191.0478318,0.1,0.0,0.0,0.0,0.0,0.2
1779481191.147708,0.1,0.0,0.0,0.0,0.0,0.2
1779481191.247939,0.1,0.0,0.0,0.0,0.0,0.2
1779481191.347928,0.1,0.0,0.0,0.0,0.0,0.2
1779481191.4476616,0.1,0.0,0.0,0.0,0.0,0.2
1779481191.5479934,0.1,0.0,0.0,0.0,0.0,0.2
1779481191.6480217,0.1,0.0,0.0,0.0,0.0,0.2
1779481191.7479575,0.1,0.0,0.0,0.0,0.0,0.2
1779481191.848016,0.1,0.0,0.0,0.0,0.0,0.2
1779481191.9478948,0.1,0.0,0.0,0.0,0.0,0.2
1779481192.047827,0.1,0.0,0.0,0.0,0.0,0.2
1779481192.148114,0.1,0.0,0.0,0.0,0.0,0.2
1779481192.2480159,0.1,0.0,0.0,0.0,0.0,0.2
1779481192.3480217,0.1,0.0,0.0,0.0,0.0,0.2
1779481192.447863,0.1,0.0,0.0,0.0,0.0,0.2
1779481192.5480528,0.1,0.0,0.0,0.0,0.0,0.2
1779481192.6482303,0.1,0.0,0.0,0.0,0.0,0.2
1779481192.7480814,0.1,0.0,0.0,0.0,0.0,0.2
1779481192.8479602,0.1,0.0,0.0,0.0,0.0,0.2
1779481192.9479377,0.1,0.0,0.0,0.0,0.0,0.2
1779481193.0480008,0.1,0.0,0.0,0.0,0.0,0.2
1779481193.1479883,0.1,0.0,0.0,0.0,0.0,0.2
1779481193.248113,0.1,0.0,0.0,0.0,0.0,0.2
1779481193.3480968,0.1,0.0,0.0,0.0,0.0,0.2
1779481193.447963,0.1,0.0,0.0,0.0,0.0,0.2
1779481193.5480742,0.1,0.0,0.0,0.0,0.0,0.2
1779481193.6480863,0.1,0.0,0.0,0.0,0.0,0.2
1779481193.7480352,0.1,0.0,0.0,0.0,0.0,0.2
1779481193.8480418,0.1,0.0,0.0,0.0,0.0,0.2
1779481193.947978,0.1,0.0,0.0,0.0,0.0,0.2
1779481194.0479953,0.1,0.0,0.0,0.0,0.0,0.2
1779481194.1480157,0.1,0.0,0.0,0.0,0.0,0.2
1779481194.248056,0.1,0.0,0.0,0.0,0.0,0.2
1779481194.347984,0.1,0.0,0.0,0.0,0.0,0.2
1779481194.4479623,0.1,0.0,0.0,0.0,0.0,0.2
1779481194.5479493,0.1,0.0,0.0,0.0,0.0,0.2
1779481194.6479475,0.1,0.0,0.0,0.0,0.0,0.2
1779481194.7480454,0.1,0.0,0.0,0.0,0.0,0.2
1779481194.8479338,0.1,0.0,0.0,0.0,0.0,0.2
1779481194.9477818,0.1,0.0,0.0,0.0,0.0,0.2
1779481195.0477521,0.1,0.0,0.0,0.0,0.0,0.2
1779481195.1477823,0.1,0.0,0.0,0.0,0.0,0.2
1779481195.2478435,0.1,0.0,0.0,0.0,0.0,0.2
1779481195.3477995,0.1,0.0,0.0,0.0,0.0,0.2
1779481195.447756,0.1,0.0,0.0,0.0,0.0,0.2
1779481195.5479746,0.1,0.0,0.0,0.0,0.0,0.2
1779481195.6478932,0.1,0.0,0.0,0.0,0.0,0.2
1779481195.7478654,0.1,0.0,0.0,0.0,0.0,0.2
1779481195.847919,0.1,0.0,0.0,0.0,0.0,0.2
1779481195.9479895,0.1,0.0,0.0,0.0,0.0,0.2
1779481196.0478268,0.1,0.0,0.0,0.0,0.0,0.2
1779481196.1479945,0.1,0.0,0.0,0.0,0.0,0.2
1779481196.2478552,0.1,0.0,0.0,0.0,0.0,0.2
1779481196.3481076,0.1,0.0,0.0,0.0,0.0,0.2
1779481196.4480855,0.1,0.0,0.0,0.0,0.0,0.2
1779481196.547953,0.1,0.0,0.0,0.0,0.0,0.2
1779481196.647999,0.1,0.0,0.0,0.0,0.0,0.2
1779481196.7479866,0.1,0.0,0.0,0.0,0.0,0.2
1779481196.8479855,0.1,0.0,0.0,0.0,0.0,0.2
1779481196.94794,0.1,0.0,0.0,0.0,0.0,0.2
1779481197.0480661,0.1,0.0,0.0,0.0,0.0,0.2
1779481197.1479616,0.1,0.0,0.0,0.0,0.0,0.2
1779481197.247875,0.1,0.0,0.0,0.0,0.0,0.2
1779481197.347817,0.1,0.0,0.0,0.0,0.0,0.2
1779481197.4480996,0.1,0.0,0.0,0.0,0.0,0.2
1779481197.5478706,0.1,0.0,0.0,0.0,0.0,0.2
1779481197.6477182,0.1,0.0,0.0,0.0,0.0,0.2
1779481197.7477603,0.1,0.0,0.0,0.0,0.0,0.2
1779481197.8482676,0.1,0.0,0.0,0.0,0.0,0.2
1779481197.9478407,0.1,0.0,0.0,0.0,0.0,0.2
1779481198.0479465,0.1,0.0,0.0,0.0,0.0,0.2
1779481198.1480622,0.1,0.0,0.0,0.0,0.0,0.2
1779481198.2480197,0.1,0.0,0.0,0.0,0.0,0.2
1779481198.347897,0.1,0.0,0.0,0.0,0.0,0.2
1779481198.4480908,0.1,0.0,0.0,0.0,0.0,0.2
1779481198.5478928,0.1,0.0,0.0,0.0,0.0,0.2
1779481198.647887,0.1,0.0,0.0,0.0,0.0,0.2
1779481198.747912,0.1,0.0,0.0,0.0,0.0,0.2
1779481198.847862,0.1,0.0,0.0,0.0,0.0,0.2
1779481198.9479475,0.1,0.0,0.0,0.0,0.0,0.2
1779481199.0479202,0.1,0.0,0.0,0.0,0.0,0.2
1779481199.1477761,0.1,0.0,0.0,0.0,0.0,0.2
1779481199.2478254,0.1,0.0,0.0,0.0,0.0,0.2
1779481199.3478475,0.1,0.0,0.0,0.0,0.0,0.2
1779481199.447807,0.1,0.0,0.0,0.0,0.0,0.2
1779481199.5478642,0.1,0.0,0.0,0.0,0.0,0.2
1779481199.6480649,0.1,0.0,0.0,0.0,0.0,0.2
1779481199.7479575,0.1,0.0,0.0,0.0,0.0,0.2
1779481199.8479247,0.1,0.0,0.0,0.0,0.0,0.2
1779481199.9481516,0.1,0.0,0.0,0.0,0.0,0.2
1779481200.047878,0.1,0.0,0.0,0.0,0.0,0.2
1779481200.1479602,0.1,0.0,0.0,0.0,0.0,0.2
1779481200.2480562,0.1,0.0,0.0,0.0,0.0,0.2
1779481200.3478568,0.1,0.0,0.0,0.0,0.0,0.2
1779481200.4478612,0.1,0.0,0.0,0.0,0.0,0.2
1779481200.5476744,0.1,0.0,0.0,0.0,0.0,0.2
1779481200.6481862,0.1,0.0,0.0,0.0,0.0,0.2
1779481200.7479339,0.1,0.0,0.0,0.0,0.0,0.2
1779481200.8479123,0.1,0.0,0.0,0.0,0.0,0.2
1779481200.9479396,0.1,0.0,0.0,0.0,0.0,0.2
1779481201.0479512,0.1,0.0,0.0,0.0,0.0,0.2
1779481201.148031,0.1,0.0,0.0,0.0,0.0,0.2
1779481201.247991,0.1,0.0,0.0,0.0,0.0,0.2
1779481201.3480928,0.1,0.0,0.0,0.0,0.0,0.2
1779481201.4478512,0.1,0.0,0.0,0.0,0.0,0.2
1779481201.5478532,0.1,0.0,0.0,0.0,0.0,0.2
1779481201.6478033,0.1,0.0,0.0,0.0,0.0,0.2
1779481201.7481656,0.1,0.0,0.0,0.0,0.0,0.2
1779481201.8478436,0.1,0.0,0.0,0.0,0.0,0.2
1779481201.947767,0.1,0.0,0.0,0.0,0.0,0.2
1779481202.0478408,0.1,0.0,0.0,0.0,0.0,0.2
1779481202.147812,0.1,0.0,0.0,0.0,0.0,0.2
1779481202.2478952,0.1,0.0,0.0,0.0,0.0,0.2
1779481202.3478863,0.1,0.0,0.0,0.0,0.0,0.2
1779481202.447799,0.1,0.0,0.0,0.0,0.0,0.2
1779481202.547772,0.1,0.0,0.0,0.0,0.0,0.2
1779481202.6478257,0.1,0.0,0.0,0.0,0.0,0.2
1779481202.748017,0.1,0.0,0.0,0.0,0.0,0.2
1779481202.8478725,0.1,0.0,0.0,0.0,0.0,0.2
1779481202.9479156,0.1,0.0,0.0,0.0,0.0,0.2
1779481203.047894,0.1,0.0,0.0,0.0,0.0,0.2
1779481203.1479452,0.1,0.0,0.0,0.0,0.0,0.2
1779481203.247829,0.1,0.0,0.0,0.0,0.0,0.2
1779481203.347945,0.1,0.0,0.0,0.0,0.0,0.2
1779481203.4480052,0.1,0.0,0.0,0.0,0.0,0.2
1779481203.5479696,0.1,0.0,0.0,0.0,0.0,0.2
1779481203.6478896,0.1,0.0,0.0,0.0,0.0,0.2
1779481203.748094,0.1,0.0,0.0,0.0,0.0,0.2
1779481203.847946,0.1,0.0,0.0,0.0,0.0,0.2
1779481203.947977,0.1,0.0,0.0,0.0,0.0,0.2
1779481204.0480075,0.1,0.0,0.0,0.0,0.0,0.2
1779481204.1479714,0.1,0.0,0.0,0.0,0.0,0.2
1779481204.247984,0.1,0.0,0.0,0.0,0.0,0.2
1779481204.3479483,0.1,0.0,0.0,0.0,0.0,0.2
1779481204.4480295,0.1,0.0,0.0,0.0,0.0,0.2
1779481204.5479307,0.1,0.0,0.0,0.0,0.0,0.2
1779481204.6480556,0.1,0.0,0.0,0.0,0.0,0.2
1779481204.7479258,0.1,0.0,0.0,0.0,0.0,0.2
1779481204.847747,0.1,0.0,0.0,0.0,0.0,0.2
1779481204.9479773,0.1,0.0,0.0,0.0,0.0,0.2
1779481205.0479157,0.1,0.0,0.0,0.0,0.0,0.2
1779481205.1478226,0.1,0.0,0.0,0.0,0.0,0.2
1779481205.2479534,0.1,0.0,0.0,0.0,0.0,0.2
1779481205.347806,0.1,0.0,0.0,0.0,0.0,0.2
1779481205.4477923,0.1,0.0,0.0,0.0,0.0,0.2
1779481205.5477629,0.1,0.0,0.0,0.0,0.0,0.2
1779481205.6479185,0.1,0.0,0.0,0.0,0.0,0.2
1779481205.7477443,0.1,0.0,0.0,0.0,0.0,0.2
1779481205.847895,0.1,0.0,0.0,0.0,0.0,0.2
1779481205.947827,0.1,0.0,0.0,0.0,0.0,0.2
1779481206.0479014,0.1,0.0,0.0,0.0,0.0,0.2
1779481206.1479053,0.1,0.0,0.0,0.0,0.0,0.2
1779481206.2477953,0.1,0.0,0.0,0.0,0.0,0.2
1779481206.3476772,0.1,0.0,0.0,0.0,0.0,0.2
1779481206.4477575,0.1,0.0,0.0,0.0,0.0,0.2
1779481206.547677,0.1,0.0,0.0,0.0,0.0,0.2
1779481206.6478262,0.1,0.0,0.0,0.0,0.0,0.2
1779481206.7477648,0.1,0.0,0.0,0.0,0.0,0.2
1779481206.8478487,0.1,0.0,0.0,0.0,0.0,0.2
1779481206.9477694,0.1,0.0,0.0,0.0,0.0,0.2
1779481207.0478249,0.1,0.0,0.0,0.0,0.0,0.2
1779481207.1477718,0.1,0.0,0.0,0.0,0.0,0.2
1779481207.2478154,0.1,0.0,0.0,0.0,0.0,0.2
1779481207.3477402,0.1,0.0,0.0,0.0,0.0,0.2
1779481207.447703,0.1,0.0,0.0,0.0,0.0,0.2
1779481207.5477626,0.1,0.0,0.0,0.0,0.0,0.2
1779481207.6478589,0.1,0.0,0.0,0.0,0.0,0.2
1779481207.747764,0.1,0.0,0.0,0.0,0.0,0.2
1779481207.8477848,0.1,0.0,0.0,0.0,0.0,0.2
1779481207.9477785,0.1,0.0,0.0,0.0,0.0,0.2
1779481208.0477395,0.1,0.0,0.0,0.0,0.0,0.2
1779481208.1479204,0.1,0.0,0.0,0.0,0.0,0.2
1779481208.2478635,0.1,0.0,0.0,0.0,0.0,0.2
1779481208.3480058,0.1,0.0,0.0,0.0,0.0,0.2
1779481208.4479795,0.1,0.0,0.0,0.0,0.0,0.2
1779481208.548006,0.1,0.0,0.0,0.0,0.0,0.2
1779481208.648165,0.1,0.0,0.0,0.0,0.0,0.2
1779481208.7478678,0.1,0.0,0.0,0.0,0.0,0.2
1779481208.8482318,0.1,0.0,0.0,0.0,0.0,0.2
1779481208.9479034,0.1,0.0,0.0,0.0,0.0,0.2
1779481209.0480533,0.1,0.0,0.0,0.0,0.0,0.2
1779481209.148713,0.1,0.0,0.0,0.0,0.0,0.2
1779481209.2477467,0.1,0.0,0.0,0.0,0.0,0.2
1779481209.3478346,0.1,0.0,0.0,0.0,0.0,0.2
1779481209.4479477,0.1,0.0,0.0,0.0,0.0,0.2
1779481209.547902,0.1,0.0,0.0,0.0,0.0,0.2
1779481209.6480124,0.1,0.0,0.0,0.0,0.0,0.2
1779481209.7480643,0.1,0.0,0.0,0.0,0.0,0.2
1779481209.8477912,0.1,0.0,0.0,0.0,0.0,0.2
1779481209.948359,0.1,0.0,0.0,0.0,0.0,0.2
1779481210.048217,0.1,0.0,0.0,0.0,0.0,0.2
1779481210.1480834,0.1,0.0,0.0,0.0,0.0,0.2
1779481210.248562,0.1,0.0,0.0,0.0,0.0,0.2
1779481210.350684,0.0,0.0,0.0,0.0,0.0,0.0
1779481210.4481392,0.0,0.0,0.0,0.0,0.0,0.0
1779481210.5479834,0.0,0.0,0.0,0.0,0.0,0.0
1779481210.6481678,0.0,0.0,0.0,0.0,0.0,0.0
1779481210.74838,0.0,0.0,0.0,0.0,0.0,0.0
1779481210.8480926,0.0,0.0,0.0,0.0,0.0,0.0
1779481210.9481027,0.0,0.0,0.0,0.0,0.0,0.0
1779481211.048121,0.0,0.0,0.0,0.0,0.0,0.0
1779481211.1479588,0.0,0.0,0.0,0.0,0.0,0.0
1779481211.2477906,0.0,0.0,0.0,0.0,0.0,0.0
1779481211.3478837,0.0,0.0,0.0,0.0,0.0,0.0
1779481211.448126,0.0,0.0,0.0,0.0,0.0,0.0
1779481211.547988,0.0,0.0,0.0,0.0,0.0,0.0
1779481211.648182,0.0,0.0,0.0,0.0,0.0,0.0
1779481211.748088,0.0,0.0,0.0,0.0,0.0,0.0
1779481211.8479366,0.0,0.0,0.0,0.0,0.0,0.0
1779481211.9482055,0.0,0.0,0.0,0.0,0.0,0.0
1779481212.0482044,0.0,0.0,0.0,0.0,0.0,0.0
1779481212.1480145,0.0,0.0,0.0,0.0,0.0,0.0
1779481212.248069,0.0,0.0,0.0,0.0,0.0,0.0
1779481216.3624094,0.12,0.0,0.0,0.0,0.0,0.0
1779481216.3624241,0.12,0.0,0.0,0.0,0.0,0.0
1779481216.462422,0.12,0.0,0.0,0.0,0.0,0.0
1779481216.5625567,0.12,0.0,0.0,0.0,0.0,0.0
1779481216.6625004,0.12,0.0,0.0,0.0,0.0,0.0
1779481216.7624373,0.12,0.0,0.0,0.0,0.0,0.0
1779481216.8624814,0.12,0.0,0.0,0.0,0.0,0.0
1779481216.9624748,0.12,0.0,0.0,0.0,0.0,0.0
1779481217.0624413,0.12,0.0,0.0,0.0,0.0,0.0
1779481217.1624186,0.12,0.0,0.0,0.0,0.0,0.0
1779481217.2624996,0.12,0.0,0.0,0.0,0.0,0.0
1779481217.3624601,0.12,0.0,0.0,0.0,0.0,0.0
1779481217.462543,0.12,0.0,0.0,0.0,0.0,0.0
1779481217.5627801,0.12,0.0,0.0,0.0,0.0,0.0
1779481217.6624146,0.12,0.0,0.0,0.0,0.0,0.0
1779481217.7625837,0.12,0.0,0.0,0.0,0.0,0.0
1779481217.8626544,0.12,0.0,0.0,0.0,0.0,0.0
1779481217.96253,0.12,0.0,0.0,0.0,0.0,0.0
1779481218.0625691,0.12,0.0,0.0,0.0,0.0,0.0
1779481218.162586,0.12,0.0,0.0,0.0,0.0,0.0
1779481218.2624629,0.12,0.0,0.0,0.0,0.0,0.0
1779481218.362449,0.12,0.0,0.0,0.0,0.0,0.0
1779481218.4625773,0.12,0.0,0.0,0.0,0.0,0.0
1779481218.5628862,0.12,0.0,0.0,0.0,0.0,0.0
1779481218.6625848,0.12,0.0,0.0,0.0,0.0,0.0
1779481218.7624495,0.12,0.0,0.0,0.0,0.0,0.0
1779481218.8625588,0.12,0.0,0.0,0.0,0.0,0.0
1779481218.9624238,0.12,0.0,0.0,0.0,0.0,0.0
1779481219.062541,0.12,0.0,0.0,0.0,0.0,0.0
1779481219.1626277,0.12,0.0,0.0,0.0,0.0,0.0
1779481219.262618,0.12,0.0,0.0,0.0,0.0,0.0
1779481219.36251,0.12,0.0,0.0,0.0,0.0,0.0
1779481219.4624753,0.12,0.0,0.0,0.0,0.0,0.0
1779481219.5625353,0.12,0.0,0.0,0.0,0.0,0.0
1779481219.6625128,0.12,0.0,0.0,0.0,0.0,0.0
1779481219.7624755,0.12,0.0,0.0,0.0,0.0,0.0
1779481219.862473,0.12,0.0,0.0,0.0,0.0,0.0
1779481219.9624267,0.12,0.0,0.0,0.0,0.0,0.0
1779481220.0623708,0.12,0.0,0.0,0.0,0.0,0.0
1779481220.1624405,0.12,0.0,0.0,0.0,0.0,0.0
1779481220.262534,0.12,0.0,0.0,0.0,0.0,0.0
1779481220.3625462,0.12,0.0,0.0,0.0,0.0,0.0
1779481220.4624417,0.12,0.0,0.0,0.0,0.0,0.0
1779481220.5624514,0.12,0.0,0.0,0.0,0.0,0.0
1779481220.6624413,0.12,0.0,0.0,0.0,0.0,0.0
1779481220.76448,0.0,0.0,0.0,0.0,0.0,0.0
1779481220.86238,0.0,0.0,0.0,0.0,0.0,0.0
1779481220.9624634,0.0,0.0,0.0,0.0,0.0,0.0
1779481221.0625198,0.0,0.0,0.0,0.0,0.0,0.0
1779481221.1625776,0.0,0.0,0.0,0.0,0.0,0.0
1779481221.262567,0.0,0.0,0.0,0.0,0.0,0.0
1779481221.3624654,0.0,0.0,0.0,0.0,0.0,0.0
1779481221.4625363,0.0,0.0,0.0,0.0,0.0,0.0
1779481221.5625753,0.0,0.0,0.0,0.0,0.0,0.0
1779481221.6626368,0.0,0.0,0.0,0.0,0.0,0.0
1779481221.762553,0.0,0.0,0.0,0.0,0.0,0.0
1779481221.862428,0.0,0.0,0.0,0.0,0.0,0.0
1779481221.9626281,0.0,0.0,0.0,0.0,0.0,0.0
1779481222.0625978,0.0,0.0,0.0,0.0,0.0,0.0
1779481222.162572,0.0,0.0,0.0,0.0,0.0,0.0
1779481222.2625062,0.0,0.0,0.0,0.0,0.0,0.0
1779481222.3625207,0.0,0.0,0.0,0.0,0.0,0.0
1779481222.4625783,0.0,0.0,0.0,0.0,0.0,0.0
1779481222.562563,0.0,0.0,0.0,0.0,0.0,0.0
1779481222.6625655,0.0,0.0,0.0,0.0,0.0,0.0
1779481224.7667754,0.0,0.0,0.0,0.0,0.0,0.25
1779481224.7667844,0.0,0.0,0.0,0.0,0.0,0.25
1779481224.8671188,0.0,0.0,0.0,0.0,0.0,0.25
1779481224.967204,0.0,0.0,0.0,0.0,0.0,0.25
1779481225.067138,0.0,0.0,0.0,0.0,0.0,0.25
1779481225.1671727,0.0,0.0,0.0,0.0,0.0,0.25
1779481225.2671247,0.0,0.0,0.0,0.0,0.0,0.25
1779481225.3671913,0.0,0.0,0.0,0.0,0.0,0.25
1779481225.4671724,0.0,0.0,0.0,0.0,0.0,0.25
1779481225.5672603,0.0,0.0,0.0,0.0,0.0,0.25
1779481225.6673887,0.0,0.0,0.0,0.0,0.0,0.25
1779481225.7671344,0.0,0.0,0.0,0.0,0.0,0.25
1779481225.8671675,0.0,0.0,0.0,0.0,0.0,0.25
1779481225.9671311,0.0,0.0,0.0,0.0,0.0,0.25
1779481226.0671623,0.0,0.0,0.0,0.0,0.0,0.25
1779481226.1672049,0.0,0.0,0.0,0.0,0.0,0.25
1779481226.267071,0.0,0.0,0.0,0.0,0.0,0.25
1779481226.3671367,0.0,0.0,0.0,0.0,0.0,0.25
1779481226.4671812,0.0,0.0,0.0,0.0,0.0,0.25
1779481226.5672085,0.0,0.0,0.0,0.0,0.0,0.25
1779481226.6671128,0.0,0.0,0.0,0.0,0.0,0.25
1779481226.7669494,0.0,0.0,0.0,0.0,0.0,0.25
1779481226.8671608,0.0,0.0,0.0,0.0,0.0,0.25
1779481226.9670908,0.0,0.0,0.0,0.0,0.0,0.25
1779481227.0669715,0.0,0.0,0.0,0.0,0.0,0.25
1779481227.1670258,0.0,0.0,0.0,0.0,0.0,0.25
1779481227.266961,0.0,0.0,0.0,0.0,0.0,0.25
1779481227.366962,0.0,0.0,0.0,0.0,0.0,0.25
1779481227.467067,0.0,0.0,0.0,0.0,0.0,0.25
1779481227.5671356,0.0,0.0,0.0,0.0,0.0,0.25
1779481227.6672013,0.0,0.0,0.0,0.0,0.0,0.25
1779481227.7670443,0.0,0.0,0.0,0.0,0.0,0.25
1779481227.8670228,0.0,0.0,0.0,0.0,0.0,0.25
1779481227.9671044,0.0,0.0,0.0,0.0,0.0,0.25
1779481228.066985,0.0,0.0,0.0,0.0,0.0,0.25
1779481228.167193,0.0,0.0,0.0,0.0,0.0,0.25
1779481228.2672195,0.0,0.0,0.0,0.0,0.0,0.25
1779481228.3671145,0.0,0.0,0.0,0.0,0.0,0.25
1779481228.4671867,0.0,0.0,0.0,0.0,0.0,0.25
1779481228.567117,0.0,0.0,0.0,0.0,0.0,0.25
1779481228.667036,0.0,0.0,0.0,0.0,0.0,0.25
1779481228.7670712,0.0,0.0,0.0,0.0,0.0,0.25
1779481228.8670082,0.0,0.0,0.0,0.0,0.0,0.25
1779481228.9671187,0.0,0.0,0.0,0.0,0.0,0.25
1779481229.0671499,0.0,0.0,0.0,0.0,0.0,0.25
1779481229.1671221,0.0,0.0,0.0,0.0,0.0,0.25
1779481229.267038,0.0,0.0,0.0,0.0,0.0,0.25
1779481229.3670805,0.0,0.0,0.0,0.0,0.0,0.25
1779481229.4670901,0.0,0.0,0.0,0.0,0.0,0.25
1779481229.567128,0.0,0.0,0.0,0.0,0.0,0.25
1779481229.6671202,0.0,0.0,0.0,0.0,0.0,0.25
1779481229.7670028,0.0,0.0,0.0,0.0,0.0,0.25
1779481229.8671837,0.0,0.0,0.0,0.0,0.0,0.25
1779481229.9671297,0.0,0.0,0.0,0.0,0.0,0.25
1779481230.067053,0.0,0.0,0.0,0.0,0.0,0.25
1779481230.1670625,0.0,0.0,0.0,0.0,0.0,0.25
1779481230.2670681,0.0,0.0,0.0,0.0,0.0,0.25
1779481230.3670382,0.0,0.0,0.0,0.0,0.0,0.25
1779481230.467135,0.0,0.0,0.0,0.0,0.0,0.25
1779481230.56711,0.0,0.0,0.0,0.0,0.0,0.25
1779481230.6670074,0.0,0.0,0.0,0.0,0.0,0.25
1779481230.7671404,0.0,0.0,0.0,0.0,0.0,0.25
1779481230.8671663,0.0,0.0,0.0,0.0,0.0,0.25
1779481230.9670177,0.0,0.0,0.0,0.0,0.0,0.25
1779481231.0671358,0.0,0.0,0.0,0.0,0.0,0.25
1779481231.1671443,0.0,0.0,0.0,0.0,0.0,0.25
1779481231.2668676,0.0,0.0,0.0,0.0,0.0,0.25
1779481231.3675725,0.0,0.0,0.0,0.0,0.0,0.25
1779481231.4671702,0.0,0.0,0.0,0.0,0.0,0.25
1779481231.5695863,0.0,0.0,0.0,0.0,0.0,0.0
1779481231.6671004,0.0,0.0,0.0,0.0,0.0,0.0
1779481231.767193,0.0,0.0,0.0,0.0,0.0,0.0
1779481231.8672364,0.0,0.0,0.0,0.0,0.0,0.0
1779481231.9671674,0.0,0.0,0.0,0.0,0.0,0.0
1779481232.067065,0.0,0.0,0.0,0.0,0.0,0.0
1779481232.1670396,0.0,0.0,0.0,0.0,0.0,0.0
1779481232.2671194,0.0,0.0,0.0,0.0,0.0,0.0
1779481232.3671098,0.0,0.0,0.0,0.0,0.0,0.0
1779481232.4669597,0.0,0.0,0.0,0.0,0.0,0.0
1779481232.5671756,0.0,0.0,0.0,0.0,0.0,0.0
1779481232.6670294,0.0,0.0,0.0,0.0,0.0,0.0
1779481232.76702,0.0,0.0,0.0,0.0,0.0,0.0
1779481232.866983,0.0,0.0,0.0,0.0,0.0,0.0
1779481232.9671674,0.0,0.0,0.0,0.0,0.0,0.0
1779481233.0672543,0.0,0.0,0.0,0.0,0.0,0.0
1779481233.1670804,0.0,0.0,0.0,0.0,0.0,0.0
1779481233.2672234,0.0,0.0,0.0,0.0,0.0,0.0
1779481233.3670802,0.0,0.0,0.0,0.0,0.0,0.0
1779481233.4671252,0.0,0.0,0.0,0.0,0.0,0.0
1779481235.5734751,0.12,0.0,0.0,0.0,0.0,0.0
1779481235.5737412,0.12,0.0,0.0,0.0,0.0,0.0
1779481235.6737869,0.12,0.0,0.0,0.0,0.0,0.0
1779481235.7737408,0.12,0.0,0.0,0.0,0.0,0.0
1779481235.8735175,0.12,0.0,0.0,0.0,0.0,0.0
1779481235.9737897,0.12,0.0,0.0,0.0,0.0,0.0
1779481236.0737615,0.12,0.0,0.0,0.0,0.0,0.0
1779481236.1737578,0.12,0.0,0.0,0.0,0.0,0.0
1779481236.2736773,0.12,0.0,0.0,0.0,0.0,0.0
1779481236.373521,0.12,0.0,0.0,0.0,0.0,0.0
1779481236.473647,0.12,0.0,0.0,0.0,0.0,0.0
1779481236.5738707,0.12,0.0,0.0,0.0,0.0,0.0
1779481236.673866,0.12,0.0,0.0,0.0,0.0,0.0
1779481236.7738628,0.12,0.0,0.0,0.0,0.0,0.0
1779481236.8735194,0.12,0.0,0.0,0.0,0.0,0.0
1779481236.973626,0.12,0.0,0.0,0.0,0.0,0.0
1779481237.0737033,0.12,0.0,0.0,0.0,0.0,0.0
1779481237.1738896,0.12,0.0,0.0,0.0,0.0,0.0
1779481237.2738645,0.12,0.0,0.0,0.0,0.0,0.0
1779481237.3736773,0.12,0.0,0.0,0.0,0.0,0.0
1779481237.473759,0.12,0.0,0.0,0.0,0.0,0.0
1779481237.573635,0.12,0.0,0.0,0.0,0.0,0.0
1779481237.6738024,0.12,0.0,0.0,0.0,0.0,0.0
1779481237.7737713,0.12,0.0,0.0,0.0,0.0,0.0
1779481237.8737214,0.12,0.0,0.0,0.0,0.0,0.0
1779481237.973526,0.12,0.0,0.0,0.0,0.0,0.0
1779481238.0734992,0.12,0.0,0.0,0.0,0.0,0.0
1779481238.1736462,0.12,0.0,0.0,0.0,0.0,0.0
1779481238.2738326,0.12,0.0,0.0,0.0,0.0,0.0
1779481238.3736498,0.12,0.0,0.0,0.0,0.0,0.0
1779481238.4737523,0.12,0.0,0.0,0.0,0.0,0.0
1779481238.573769,0.12,0.0,0.0,0.0,0.0,0.0
1779481238.6736503,0.12,0.0,0.0,0.0,0.0,0.0
1779481238.773784,0.12,0.0,0.0,0.0,0.0,0.0
1779481238.873639,0.12,0.0,0.0,0.0,0.0,0.0
1779481238.973791,0.12,0.0,0.0,0.0,0.0,0.0
1779481239.0737686,0.12,0.0,0.0,0.0,0.0,0.0
1779481239.173762,0.12,0.0,0.0,0.0,0.0,0.0
1779481239.2736828,0.12,0.0,0.0,0.0,0.0,0.0
1779481239.3737605,0.12,0.0,0.0,0.0,0.0,0.0
1779481239.4736252,0.12,0.0,0.0,0.0,0.0,0.0
1779481239.5737202,0.12,0.0,0.0,0.0,0.0,0.0
1779481239.6737313,0.12,0.0,0.0,0.0,0.0,0.0
1779481239.7735722,0.12,0.0,0.0,0.0,0.0,0.0
1779481239.8735864,0.12,0.0,0.0,0.0,0.0,0.0
1779481239.97551,0.0,0.0,0.0,0.0,0.0,0.0
1779481240.0738115,0.0,0.0,0.0,0.0,0.0,0.0
1779481240.1736526,0.0,0.0,0.0,0.0,0.0,0.0
1779481240.273588,0.0,0.0,0.0,0.0,0.0,0.0
1779481240.3735428,0.0,0.0,0.0,0.0,0.0,0.0
1779481240.4736886,0.0,0.0,0.0,0.0,0.0,0.0
1779481240.5737493,0.0,0.0,0.0,0.0,0.0,0.0
1779481240.6737635,0.0,0.0,0.0,0.0,0.0,0.0
1779481240.773651,0.0,0.0,0.0,0.0,0.0,0.0
1779481240.873641,0.0,0.0,0.0,0.0,0.0,0.0
1779481240.9736252,0.0,0.0,0.0,0.0,0.0,0.0
1779481241.0736427,0.0,0.0,0.0,0.0,0.0,0.0
1779481241.173555,0.0,0.0,0.0,0.0,0.0,0.0
1779481241.2738976,0.0,0.0,0.0,0.0,0.0,0.0
1779481241.373895,0.0,0.0,0.0,0.0,0.0,0.0
1779481241.4737935,0.0,0.0,0.0,0.0,0.0,0.0
1779481241.5738137,0.0,0.0,0.0,0.0,0.0,0.0
1779481241.6738145,0.0,0.0,0.0,0.0,0.0,0.0
1779481241.7737916,0.0,0.0,0.0,0.0,0.0,0.0
1779481241.8738644,0.0,0.0,0.0,0.0,0.0,0.0
1779481243.9785283,0.0,0.0,0.0,0.0,0.0,0.25
1779481243.9785407,0.0,0.0,0.0,0.0,0.0,0.25
1779481244.078778,0.0,0.0,0.0,0.0,0.0,0.25
1779481244.1789398,0.0,0.0,0.0,0.0,0.0,0.25
1779481244.278783,0.0,0.0,0.0,0.0,0.0,0.25
1779481244.3789308,0.0,0.0,0.0,0.0,0.0,0.25
1779481244.4787972,0.0,0.0,0.0,0.0,0.0,0.25
1779481244.5787263,0.0,0.0,0.0,0.0,0.0,0.25
1779481244.6787367,0.0,0.0,0.0,0.0,0.0,0.25
1779481244.7787347,0.0,0.0,0.0,0.0,0.0,0.25
1779481244.8787107,0.0,0.0,0.0,0.0,0.0,0.25
1779481244.9786787,0.0,0.0,0.0,0.0,0.0,0.25
1779481245.0787616,0.0,0.0,0.0,0.0,0.0,0.25
1779481245.1786587,0.0,0.0,0.0,0.0,0.0,0.25
1779481245.278818,0.0,0.0,0.0,0.0,0.0,0.25
1779481245.3788972,0.0,0.0,0.0,0.0,0.0,0.25
1779481245.4787753,0.0,0.0,0.0,0.0,0.0,0.25
1779481245.5789795,0.0,0.0,0.0,0.0,0.0,0.25
1779481245.6788719,0.0,0.0,0.0,0.0,0.0,0.25
1779481245.778653,0.0,0.0,0.0,0.0,0.0,0.25
1779481245.8786304,0.0,0.0,0.0,0.0,0.0,0.25
1779481245.9787579,0.0,0.0,0.0,0.0,0.0,0.25
1779481246.0785933,0.0,0.0,0.0,0.0,0.0,0.25
1779481246.1787274,0.0,0.0,0.0,0.0,0.0,0.25
1779481246.2786126,0.0,0.0,0.0,0.0,0.0,0.25
1779481246.3788776,0.0,0.0,0.0,0.0,0.0,0.25
1779481246.4786348,0.0,0.0,0.0,0.0,0.0,0.25
1779481246.5786557,0.0,0.0,0.0,0.0,0.0,0.25
1779481246.6787913,0.0,0.0,0.0,0.0,0.0,0.25
1779481246.7789772,0.0,0.0,0.0,0.0,0.0,0.25
1779481246.8788102,0.0,0.0,0.0,0.0,0.0,0.25
1779481246.9787974,0.0,0.0,0.0,0.0,0.0,0.25
1779481247.0789187,0.0,0.0,0.0,0.0,0.0,0.25
1779481247.1786718,0.0,0.0,0.0,0.0,0.0,0.25
1779481247.2788854,0.0,0.0,0.0,0.0,0.0,0.25
1779481247.3788838,0.0,0.0,0.0,0.0,0.0,0.25
1779481247.478923,0.0,0.0,0.0,0.0,0.0,0.25
1779481247.5787988,0.0,0.0,0.0,0.0,0.0,0.25
1779481247.6789477,0.0,0.0,0.0,0.0,0.0,0.25
1779481247.778891,0.0,0.0,0.0,0.0,0.0,0.25
1779481247.8787444,0.0,0.0,0.0,0.0,0.0,0.25
1779481247.9790492,0.0,0.0,0.0,0.0,0.0,0.25
1779481248.0788896,0.0,0.0,0.0,0.0,0.0,0.25
1779481248.1788926,0.0,0.0,0.0,0.0,0.0,0.25
1779481248.2790232,0.0,0.0,0.0,0.0,0.0,0.25
1779481248.379024,0.0,0.0,0.0,0.0,0.0,0.25
1779481248.4789379,0.0,0.0,0.0,0.0,0.0,0.25
1779481248.578817,0.0,0.0,0.0,0.0,0.0,0.25
1779481248.6789637,0.0,0.0,0.0,0.0,0.0,0.25
1779481248.7788444,0.0,0.0,0.0,0.0,0.0,0.25
1779481248.8787403,0.0,0.0,0.0,0.0,0.0,0.25
1779481248.978582,0.0,0.0,0.0,0.0,0.0,0.25
1779481249.0787215,0.0,0.0,0.0,0.0,0.0,0.25
1779481249.1787612,0.0,0.0,0.0,0.0,0.0,0.25
1779481249.2788846,0.0,0.0,0.0,0.0,0.0,0.25
1779481249.378761,0.0,0.0,0.0,0.0,0.0,0.25
1779481249.4787505,0.0,0.0,0.0,0.0,0.0,0.25
1779481249.5787945,0.0,0.0,0.0,0.0,0.0,0.25
1779481249.678664,0.0,0.0,0.0,0.0,0.0,0.25
1779481249.7787642,0.0,0.0,0.0,0.0,0.0,0.25
1779481249.8788183,0.0,0.0,0.0,0.0,0.0,0.25
1779481249.9786274,0.0,0.0,0.0,0.0,0.0,0.25
1779481250.0790133,0.0,0.0,0.0,0.0,0.0,0.25
1779481250.1788094,0.0,0.0,0.0,0.0,0.0,0.25
1779481250.2788057,0.0,0.0,0.0,0.0,0.0,0.25
1779481250.3788798,0.0,0.0,0.0,0.0,0.0,0.25
1779481250.478919,0.0,0.0,0.0,0.0,0.0,0.25
1779481250.578827,0.0,0.0,0.0,0.0,0.0,0.25
1779481250.6789205,0.0,0.0,0.0,0.0,0.0,0.25
1779481250.7790246,0.0,0.0,0.0,0.0,0.0,0.25
1779481250.8789172,0.0,0.0,0.0,0.0,0.0,0.25
1779481250.9813628,0.0,0.0,0.0,0.0,0.0,0.0
1779481251.078782,0.0,0.0,0.0,0.0,0.0,0.0
1779481251.1788106,0.0,0.0,0.0,0.0,0.0,0.0
1779481251.278722,0.0,0.0,0.0,0.0,0.0,0.0
1779481251.378897,0.0,0.0,0.0,0.0,0.0,0.0
1779481251.4790673,0.0,0.0,0.0,0.0,0.0,0.0
1779481251.5789006,0.0,0.0,0.0,0.0,0.0,0.0
1779481251.6790233,0.0,0.0,0.0,0.0,0.0,0.0
1779481251.7787197,0.0,0.0,0.0,0.0,0.0,0.0
1779481251.8789492,0.0,0.0,0.0,0.0,0.0,0.0
1779481251.9789333,0.0,0.0,0.0,0.0,0.0,0.0
1779481252.0789206,0.0,0.0,0.0,0.0,0.0,0.0
1779481252.1788366,0.0,0.0,0.0,0.0,0.0,0.0
1779481252.2788298,0.0,0.0,0.0,0.0,0.0,0.0
1779481252.378979,0.0,0.0,0.0,0.0,0.0,0.0
1779481252.479001,0.0,0.0,0.0,0.0,0.0,0.0
1779481252.5789275,0.0,0.0,0.0,0.0,0.0,0.0
1779481252.678683,0.0,0.0,0.0,0.0,0.0,0.0
1779481252.77887,0.0,0.0,0.0,0.0,0.0,0.0
1779481252.878948,0.0,0.0,0.0,0.0,0.0,0.0
1779481254.9839637,0.12,0.0,0.0,0.0,0.0,0.0
1779481254.98397,0.12,0.0,0.0,0.0,0.0,0.0
1779481255.0845783,0.12,0.0,0.0,0.0,0.0,0.0
1779481255.1844697,0.12,0.0,0.0,0.0,0.0,0.0
1779481255.2843213,0.12,0.0,0.0,0.0,0.0,0.0
1779481255.3843508,0.12,0.0,0.0,0.0,0.0,0.0
1779481255.4843378,0.12,0.0,0.0,0.0,0.0,0.0
1779481255.5841992,0.12,0.0,0.0,0.0,0.0,0.0
1779481255.6843898,0.12,0.0,0.0,0.0,0.0,0.0
1779481255.784309,0.12,0.0,0.0,0.0,0.0,0.0
1779481255.8842783,0.12,0.0,0.0,0.0,0.0,0.0
1779481255.9843545,0.12,0.0,0.0,0.0,0.0,0.0
1779481256.0842824,0.12,0.0,0.0,0.0,0.0,0.0
1779481256.184126,0.12,0.0,0.0,0.0,0.0,0.0
1779481256.2841883,0.12,0.0,0.0,0.0,0.0,0.0
1779481256.3841598,0.12,0.0,0.0,0.0,0.0,0.0
1779481256.4841685,0.12,0.0,0.0,0.0,0.0,0.0
1779481256.5841277,0.12,0.0,0.0,0.0,0.0,0.0
1779481256.6842632,0.12,0.0,0.0,0.0,0.0,0.0
1779481256.7839847,0.12,0.0,0.0,0.0,0.0,0.0
1779481256.884087,0.12,0.0,0.0,0.0,0.0,0.0
1779481256.98429,0.12,0.0,0.0,0.0,0.0,0.0
1779481257.0841775,0.12,0.0,0.0,0.0,0.0,0.0
1779481257.1841261,0.12,0.0,0.0,0.0,0.0,0.0
1779481257.2842844,0.12,0.0,0.0,0.0,0.0,0.0
1779481257.3843043,0.12,0.0,0.0,0.0,0.0,0.0
1779481257.4843204,0.12,0.0,0.0,0.0,0.0,0.0
1779481257.5842195,0.12,0.0,0.0,0.0,0.0,0.0
1779481257.6843636,0.12,0.0,0.0,0.0,0.0,0.0
1779481257.7844045,0.12,0.0,0.0,0.0,0.0,0.0
1779481257.8843157,0.12,0.0,0.0,0.0,0.0,0.0
1779481257.984188,0.12,0.0,0.0,0.0,0.0,0.0
1779481258.0841646,0.12,0.0,0.0,0.0,0.0,0.0
1779481258.184218,0.12,0.0,0.0,0.0,0.0,0.0
1779481258.2842577,0.12,0.0,0.0,0.0,0.0,0.0
1779481258.3842556,0.12,0.0,0.0,0.0,0.0,0.0
1779481258.4841135,0.12,0.0,0.0,0.0,0.0,0.0
1779481258.584,0.12,0.0,0.0,0.0,0.0,0.0
1779481258.6841142,0.12,0.0,0.0,0.0,0.0,0.0
1779481258.78411,0.12,0.0,0.0,0.0,0.0,0.0
1779481258.884094,0.12,0.0,0.0,0.0,0.0,0.0
1779481258.9842753,0.12,0.0,0.0,0.0,0.0,0.0
1779481259.0840251,0.12,0.0,0.0,0.0,0.0,0.0
1779481259.1841664,0.12,0.0,0.0,0.0,0.0,0.0
1779481259.2864244,0.0,0.0,0.0,0.0,0.0,0.0
1779481259.384246,0.0,0.0,0.0,0.0,0.0,0.0
1779481259.4842288,0.0,0.0,0.0,0.0,0.0,0.0
1779481259.5840743,0.0,0.0,0.0,0.0,0.0,0.0
1779481259.6841455,0.0,0.0,0.0,0.0,0.0,0.0
1779481259.7842817,0.0,0.0,0.0,0.0,0.0,0.0
1779481259.8842552,0.0,0.0,0.0,0.0,0.0,0.0
1779481259.9842913,0.0,0.0,0.0,0.0,0.0,0.0
1779481260.084024,0.0,0.0,0.0,0.0,0.0,0.0
1779481260.1840312,0.0,0.0,0.0,0.0,0.0,0.0
1779481260.2842681,0.0,0.0,0.0,0.0,0.0,0.0
1779481260.3842201,0.0,0.0,0.0,0.0,0.0,0.0
1779481260.4841437,0.0,0.0,0.0,0.0,0.0,0.0
1779481260.5841908,0.0,0.0,0.0,0.0,0.0,0.0
1779481260.684669,0.0,0.0,0.0,0.0,0.0,0.0
1779481260.7842538,0.0,0.0,0.0,0.0,0.0,0.0
1779481260.8841565,0.0,0.0,0.0,0.0,0.0,0.0
1779481260.9841511,0.0,0.0,0.0,0.0,0.0,0.0
1779481261.0842156,0.0,0.0,0.0,0.0,0.0,0.0
1779481261.1841462,0.0,0.0,0.0,0.0,0.0,0.0
1779481263.2882702,0.0,0.0,0.0,0.0,0.0,0.25
1779481263.2885137,0.0,0.0,0.0,0.0,0.0,0.25
1779481263.3886209,0.0,0.0,0.0,0.0,0.0,0.25
1779481263.4885912,0.0,0.0,0.0,0.0,0.0,0.25
1779481263.588534,0.0,0.0,0.0,0.0,0.0,0.25
1779481263.6885347,0.0,0.0,0.0,0.0,0.0,0.25
1779481263.788519,0.0,0.0,0.0,0.0,0.0,0.25
1779481263.8886764,0.0,0.0,0.0,0.0,0.0,0.25
1779481263.9885302,0.0,0.0,0.0,0.0,0.0,0.25
1779481264.0885882,0.0,0.0,0.0,0.0,0.0,0.25
1779481264.1885695,0.0,0.0,0.0,0.0,0.0,0.25
1779481264.2884731,0.0,0.0,0.0,0.0,0.0,0.25
1779481264.3885303,0.0,0.0,0.0,0.0,0.0,0.25
1779481264.4884493,0.0,0.0,0.0,0.0,0.0,0.25
1779481264.5883846,0.0,0.0,0.0,0.0,0.0,0.25
1779481264.6885467,0.0,0.0,0.0,0.0,0.0,0.25
1779481264.7885246,0.0,0.0,0.0,0.0,0.0,0.25
1779481264.888562,0.0,0.0,0.0,0.0,0.0,0.25
1779481264.9882789,0.0,0.0,0.0,0.0,0.0,0.25
1779481265.0885193,0.0,0.0,0.0,0.0,0.0,0.25
1779481265.188501,0.0,0.0,0.0,0.0,0.0,0.25
1779481265.2886784,0.0,0.0,0.0,0.0,0.0,0.25
1779481265.388662,0.0,0.0,0.0,0.0,0.0,0.25
1779481265.4885156,0.0,0.0,0.0,0.0,0.0,0.25
1779481265.5885203,0.0,0.0,0.0,0.0,0.0,0.25
1779481265.6886547,0.0,0.0,0.0,0.0,0.0,0.25
1779481265.7884939,0.0,0.0,0.0,0.0,0.0,0.25
1779481265.8886085,0.0,0.0,0.0,0.0,0.0,0.25
1779481265.9885194,0.0,0.0,0.0,0.0,0.0,0.25
1779481266.0884156,0.0,0.0,0.0,0.0,0.0,0.25
1779481266.1884608,0.0,0.0,0.0,0.0,0.0,0.25
1779481266.2885437,0.0,0.0,0.0,0.0,0.0,0.25
1779481266.3884823,0.0,0.0,0.0,0.0,0.0,0.25
1779481266.4884758,0.0,0.0,0.0,0.0,0.0,0.25
1779481266.5886059,0.0,0.0,0.0,0.0,0.0,0.25
1779481266.6890893,0.0,0.0,0.0,0.0,0.0,0.25
1779481266.7885997,0.0,0.0,0.0,0.0,0.0,0.25
1779481266.8885677,0.0,0.0,0.0,0.0,0.0,0.25
1779481266.9885957,0.0,0.0,0.0,0.0,0.0,0.25
1779481267.0884895,0.0,0.0,0.0,0.0,0.0,0.25
1779481267.1886182,0.0,0.0,0.0,0.0,0.0,0.25
1779481267.2886512,0.0,0.0,0.0,0.0,0.0,0.25
1779481267.3887448,0.0,0.0,0.0,0.0,0.0,0.25
1779481267.4886534,0.0,0.0,0.0,0.0,0.0,0.25
1779481267.5887244,0.0,0.0,0.0,0.0,0.0,0.25
1779481267.6886504,0.0,0.0,0.0,0.0,0.0,0.25
1779481267.788612,0.0,0.0,0.0,0.0,0.0,0.25
1779481267.8886464,0.0,0.0,0.0,0.0,0.0,0.25
1779481267.9886224,0.0,0.0,0.0,0.0,0.0,0.25
1779481268.0887086,0.0,0.0,0.0,0.0,0.0,0.25
1779481268.1886225,0.0,0.0,0.0,0.0,0.0,0.25
1779481268.2887623,0.0,0.0,0.0,0.0,0.0,0.25
1779481268.3886578,0.0,0.0,0.0,0.0,0.0,0.25
1779481268.4886298,0.0,0.0,0.0,0.0,0.0,0.25
1779481268.5886545,0.0,0.0,0.0,0.0,0.0,0.25
1779481268.6885998,0.0,0.0,0.0,0.0,0.0,0.25
1779481268.7885892,0.0,0.0,0.0,0.0,0.0,0.25
1779481268.888727,0.0,0.0,0.0,0.0,0.0,0.25
1779481268.98858,0.0,0.0,0.0,0.0,0.0,0.25
1779481269.0888014,0.0,0.0,0.0,0.0,0.0,0.25
1779481269.1885896,0.0,0.0,0.0,0.0,0.0,0.25
1779481269.2886348,0.0,0.0,0.0,0.0,0.0,0.25
1779481269.3886092,0.0,0.0,0.0,0.0,0.0,0.25
1779481269.488621,0.0,0.0,0.0,0.0,0.0,0.25
1779481269.5885522,0.0,0.0,0.0,0.0,0.0,0.25
1779481269.688541,0.0,0.0,0.0,0.0,0.0,0.25
1779481269.7884884,0.0,0.0,0.0,0.0,0.0,0.25
1779481269.8885322,0.0,0.0,0.0,0.0,0.0,0.25
1779481269.9885828,0.0,0.0,0.0,0.0,0.0,0.25
1779481270.0886078,0.0,0.0,0.0,0.0,0.0,0.25
1779481270.1908224,0.0,0.0,0.0,0.0,0.0,0.0
1779481270.2886386,0.0,0.0,0.0,0.0,0.0,0.0
1779481270.3886254,0.0,0.0,0.0,0.0,0.0,0.0
1779481270.4887376,0.0,0.0,0.0,0.0,0.0,0.0
1779481270.5887244,0.0,0.0,0.0,0.0,0.0,0.0
1779481270.6886084,0.0,0.0,0.0,0.0,0.0,0.0
1779481270.7885177,0.0,0.0,0.0,0.0,0.0,0.0
1779481270.8885589,0.0,0.0,0.0,0.0,0.0,0.0
1779481270.9886477,0.0,0.0,0.0,0.0,0.0,0.0
1779481271.0885665,0.0,0.0,0.0,0.0,0.0,0.0
1779481271.1886122,0.0,0.0,0.0,0.0,0.0,0.0
1779481271.2887812,0.0,0.0,0.0,0.0,0.0,0.0
1779481271.3886456,0.0,0.0,0.0,0.0,0.0,0.0
1779481271.4886847,0.0,0.0,0.0,0.0,0.0,0.0
1779481271.588754,0.0,0.0,0.0,0.0,0.0,0.0
1779481271.6885748,0.0,0.0,0.0,0.0,0.0,0.0
1779481271.7886317,0.0,0.0,0.0,0.0,0.0,0.0
1779481271.8886192,0.0,0.0,0.0,0.0,0.0,0.0
1779481271.9886036,0.0,0.0,0.0,0.0,0.0,0.0
1779481272.088645,0.0,0.0,0.0,0.0,0.0,0.0
1779481274.1947718,0.12,0.0,0.0,0.0,0.0,0.0
1779481274.1947808,0.12,0.0,0.0,0.0,0.0,0.0
1779481274.2952688,0.12,0.0,0.0,0.0,0.0,0.0
1779481274.3951826,0.12,0.0,0.0,0.0,0.0,0.0
1779481274.4950547,0.12,0.0,0.0,0.0,0.0,0.0
1779481274.595197,0.12,0.0,0.0,0.0,0.0,0.0
1779481274.6950312,0.12,0.0,0.0,0.0,0.0,0.0
1779481274.7950327,0.12,0.0,0.0,0.0,0.0,0.0
1779481274.8951,0.12,0.0,0.0,0.0,0.0,0.0
1779481274.995197,0.12,0.0,0.0,0.0,0.0,0.0
1779481275.0951467,0.12,0.0,0.0,0.0,0.0,0.0
1779481275.1952002,0.12,0.0,0.0,0.0,0.0,0.0
1779481275.2950015,0.12,0.0,0.0,0.0,0.0,0.0
1779481275.3950002,0.12,0.0,0.0,0.0,0.0,0.0
1779481275.4948437,0.12,0.0,0.0,0.0,0.0,0.0
1779481275.595043,0.12,0.0,0.0,0.0,0.0,0.0
1779481275.6949575,0.12,0.0,0.0,0.0,0.0,0.0
1779481275.7950706,0.12,0.0,0.0,0.0,0.0,0.0
1779481275.894994,0.12,0.0,0.0,0.0,0.0,0.0
1779481275.995075,0.12,0.0,0.0,0.0,0.0,0.0
1779481276.095014,0.12,0.0,0.0,0.0,0.0,0.0
1779481276.1950166,0.12,0.0,0.0,0.0,0.0,0.0
1779481276.294982,0.12,0.0,0.0,0.0,0.0,0.0
1779481276.3951528,0.12,0.0,0.0,0.0,0.0,0.0
1779481276.495093,0.12,0.0,0.0,0.0,0.0,0.0
1779481276.5950663,0.12,0.0,0.0,0.0,0.0,0.0
1779481276.6951978,0.12,0.0,0.0,0.0,0.0,0.0
1779481276.7951286,0.12,0.0,0.0,0.0,0.0,0.0
1779481276.895232,0.12,0.0,0.0,0.0,0.0,0.0
1779481276.9950144,0.12,0.0,0.0,0.0,0.0,0.0
1779481277.0950813,0.12,0.0,0.0,0.0,0.0,0.0
1779481277.1951284,0.12,0.0,0.0,0.0,0.0,0.0
1779481277.2949934,0.12,0.0,0.0,0.0,0.0,0.0
1779481277.3951528,0.12,0.0,0.0,0.0,0.0,0.0
1779481277.4950802,0.12,0.0,0.0,0.0,0.0,0.0
1779481277.5950966,0.12,0.0,0.0,0.0,0.0,0.0
1779481277.695123,0.12,0.0,0.0,0.0,0.0,0.0
1779481277.795092,0.12,0.0,0.0,0.0,0.0,0.0
1779481277.8951254,0.12,0.0,0.0,0.0,0.0,0.0
1779481277.995002,0.12,0.0,0.0,0.0,0.0,0.0
1779481278.0950623,0.12,0.0,0.0,0.0,0.0,0.0
1779481278.1948583,0.12,0.0,0.0,0.0,0.0,0.0
1779481278.29502,0.12,0.0,0.0,0.0,0.0,0.0
1779481278.3950014,0.12,0.0,0.0,0.0,0.0,0.0
1779481278.4950209,0.12,0.0,0.0,0.0,0.0,0.0
1779481278.5968559,0.0,0.0,0.0,0.0,0.0,0.0
1779481278.6949031,0.0,0.0,0.0,0.0,0.0,0.0
1779481278.7949371,0.0,0.0,0.0,0.0,0.0,0.0
1779481278.8948677,0.0,0.0,0.0,0.0,0.0,0.0
1779481278.994839,0.0,0.0,0.0,0.0,0.0,0.0
1779481279.0950005,0.0,0.0,0.0,0.0,0.0,0.0
1779481279.1949956,0.0,0.0,0.0,0.0,0.0,0.0
1779481279.2948356,0.0,0.0,0.0,0.0,0.0,0.0
1779481279.3949509,0.0,0.0,0.0,0.0,0.0,0.0
1779481279.4948695,0.0,0.0,0.0,0.0,0.0,0.0
1779481279.5948577,0.0,0.0,0.0,0.0,0.0,0.0
1779481279.6948078,0.0,0.0,0.0,0.0,0.0,0.0
1779481279.7947638,0.0,0.0,0.0,0.0,0.0,0.0
1779481279.8950257,0.0,0.0,0.0,0.0,0.0,0.0
1779481279.994934,0.0,0.0,0.0,0.0,0.0,0.0
1779481280.0950308,0.0,0.0,0.0,0.0,0.0,0.0
1779481280.1948996,0.0,0.0,0.0,0.0,0.0,0.0
1779481280.2948458,0.0,0.0,0.0,0.0,0.0,0.0
1779481280.394964,0.0,0.0,0.0,0.0,0.0,0.0
1779481280.495041,0.0,0.0,0.0,0.0,0.0,0.0
1779481282.5983198,0.0,0.0,0.0,0.0,0.0,0.25
1779481282.5984988,0.0,0.0,0.0,0.0,0.0,0.25
1779481282.6984606,0.0,0.0,0.0,0.0,0.0,0.25
1779481282.7984185,0.0,0.0,0.0,0.0,0.0,0.25
1779481282.8985157,0.0,0.0,0.0,0.0,0.0,0.25
1779481282.9985166,0.0,0.0,0.0,0.0,0.0,0.25
1779481283.098451,0.0,0.0,0.0,0.0,0.0,0.25
1779481283.198511,0.0,0.0,0.0,0.0,0.0,0.25
1779481283.2984922,0.0,0.0,0.0,0.0,0.0,0.25
1779481283.3984537,0.0,0.0,0.0,0.0,0.0,0.25
1779481283.498572,0.0,0.0,0.0,0.0,0.0,0.25
1779481283.598411,0.0,0.0,0.0,0.0,0.0,0.25
1779481283.6983151,0.0,0.0,0.0,0.0,0.0,0.25
1779481283.7983258,0.0,0.0,0.0,0.0,0.0,0.25
1779481283.8984067,0.0,0.0,0.0,0.0,0.0,0.25
1779481283.9983463,0.0,0.0,0.0,0.0,0.0,0.25
1779481284.0983655,0.0,0.0,0.0,0.0,0.0,0.25
1779481284.1984372,0.0,0.0,0.0,0.0,0.0,0.25
1779481284.2984436,0.0,0.0,0.0,0.0,0.0,0.25
1779481284.3984213,0.0,0.0,0.0,0.0,0.0,0.25
1779481284.4984667,0.0,0.0,0.0,0.0,0.0,0.25
1779481284.5985184,0.0,0.0,0.0,0.0,0.0,0.25
1779481284.698463,0.0,0.0,0.0,0.0,0.0,0.25
1779481284.7984548,0.0,0.0,0.0,0.0,0.0,0.25
1779481284.8985238,0.0,0.0,0.0,0.0,0.0,0.25
1779481284.9984903,0.0,0.0,0.0,0.0,0.0,0.25
1779481285.098468,0.0,0.0,0.0,0.0,0.0,0.25
1779481285.1984005,0.0,0.0,0.0,0.0,0.0,0.25
1779481285.298444,0.0,0.0,0.0,0.0,0.0,0.25
1779481285.398454,0.0,0.0,0.0,0.0,0.0,0.25
1779481285.4984047,0.0,0.0,0.0,0.0,0.0,0.25
1779481285.59853,0.0,0.0,0.0,0.0,0.0,0.25
1779481285.698556,0.0,0.0,0.0,0.0,0.0,0.25
1779481285.798473,0.0,0.0,0.0,0.0,0.0,0.25
1779481285.8985739,0.0,0.0,0.0,0.0,0.0,0.25
1779481285.9984312,0.0,0.0,0.0,0.0,0.0,0.25
1779481286.0985506,0.0,0.0,0.0,0.0,0.0,0.25
1779481286.1985054,0.0,0.0,0.0,0.0,0.0,0.25
1779481286.2984471,0.0,0.0,0.0,0.0,0.0,0.25
1779481286.3983917,0.0,0.0,0.0,0.0,0.0,0.25
1779481286.4984567,0.0,0.0,0.0,0.0,0.0,0.25
1779481286.598458,0.0,0.0,0.0,0.0,0.0,0.25
1779481286.6983786,0.0,0.0,0.0,0.0,0.0,0.25
1779481286.7986407,0.0,0.0,0.0,0.0,0.0,0.25
1779481286.8984962,0.0,0.0,0.0,0.0,0.0,0.25
1779481286.9985557,0.0,0.0,0.0,0.0,0.0,0.25
1779481287.0985692,0.0,0.0,0.0,0.0,0.0,0.25
1779481287.1985798,0.0,0.0,0.0,0.0,0.0,0.25
1779481287.2985644,0.0,0.0,0.0,0.0,0.0,0.25
1779481287.3988612,0.0,0.0,0.0,0.0,0.0,0.25
1779481287.4985688,0.0,0.0,0.0,0.0,0.0,0.25
1779481287.5984776,0.0,0.0,0.0,0.0,0.0,0.25
1779481287.6983643,0.0,0.0,0.0,0.0,0.0,0.25
1779481287.7984767,0.0,0.0,0.0,0.0,0.0,0.25
1779481287.8983963,0.0,0.0,0.0,0.0,0.0,0.25
1779481287.9985206,0.0,0.0,0.0,0.0,0.0,0.25
1779481288.0985153,0.0,0.0,0.0,0.0,0.0,0.25
1779481288.1985588,0.0,0.0,0.0,0.0,0.0,0.25
1779481288.2986002,0.0,0.0,0.0,0.0,0.0,0.25
1779481288.398677,0.0,0.0,0.0,0.0,0.0,0.25
1779481288.4986246,0.0,0.0,0.0,0.0,0.0,0.25
1779481288.5984182,0.0,0.0,0.0,0.0,0.0,0.25
1779481288.6984358,0.0,0.0,0.0,0.0,0.0,0.25
1779481288.798532,0.0,0.0,0.0,0.0,0.0,0.25
1779481288.898454,0.0,0.0,0.0,0.0,0.0,0.25
1779481288.9985387,0.0,0.0,0.0,0.0,0.0,0.25
1779481289.0985584,0.0,0.0,0.0,0.0,0.0,0.25
1779481289.19853,0.0,0.0,0.0,0.0,0.0,0.25
1779481289.2985377,0.0,0.0,0.0,0.0,0.0,0.25
1779481289.4006176,0.0,0.0,0.0,0.0,0.0,0.0
1779481289.4985242,0.0,0.0,0.0,0.0,0.0,0.0
1779481289.5984256,0.0,0.0,0.0,0.0,0.0,0.0
1779481289.698601,0.0,0.0,0.0,0.0,0.0,0.0
1779481289.7984288,0.0,0.0,0.0,0.0,0.0,0.0
1779481289.8984184,0.0,0.0,0.0,0.0,0.0,0.0
1779481289.9983294,0.0,0.0,0.0,0.0,0.0,0.0
1779481290.098345,0.0,0.0,0.0,0.0,0.0,0.0
1779481290.198416,0.0,0.0,0.0,0.0,0.0,0.0
1779481290.2984118,0.0,0.0,0.0,0.0,0.0,0.0
1779481290.3983905,0.0,0.0,0.0,0.0,0.0,0.0
1779481290.4984295,0.0,0.0,0.0,0.0,0.0,0.0
1779481290.5984669,0.0,0.0,0.0,0.0,0.0,0.0
1779481290.6983569,0.0,0.0,0.0,0.0,0.0,0.0
1779481290.798548,0.0,0.0,0.0,0.0,0.0,0.0
1779481290.8984241,0.0,0.0,0.0,0.0,0.0,0.0
1779481290.9984381,0.0,0.0,0.0,0.0,0.0,0.0
1779481291.0984867,0.0,0.0,0.0,0.0,0.0,0.0
1779481291.1985629,0.0,0.0,0.0,0.0,0.0,0.0
1779481291.2984045,0.0,0.0,0.0,0.0,0.0,0.0
1779481296.409412,0.0,0.0,0.0,0.0,0.0,-2.8821915419083273
1779481296.409424,0.0,0.0,0.0,0.0,0.0,-2.8821915419083273
1779481296.5096846,0.0,0.0,0.0,0.0,0.0,-2.8822230467821464
1779481296.6095808,0.0,0.0,0.0,0.0,0.0,-2.850238981732405
1779481296.7095888,0.0,0.0,0.0,0.0,0.0,-2.7582373637917303
1779481296.809601,0.0,0.0,0.0,0.0,0.0,-2.634074947034332
1779481296.9095228,0.0,0.0,0.0,0.0,0.0,-2.429919352032134
1779481297.009603,0.0,0.0,0.0,0.0,0.0,-2.303708008843134
1779481297.1096342,0.0,0.0,0.0,0.0,0.0,-2.054293296144387
1779481297.2095962,0.0,0.0,0.0,0.0,0.0,-1.925281396334896
1779481297.3095365,0.0,0.0,0.0,0.0,0.0,-1.7758178582171824
1779481297.4095979,0.0,0.0,0.0,0.0,0.0,-1.6299150421454458
1779481297.5096714,0.0,0.0,0.0,0.0,0.0,-1.3543143109308173
1779481297.6095245,0.0,0.0,0.0,0.0,0.0,-1.2162511406837606
1779481297.7095346,0.0,0.0,0.0,0.0,0.0,-1.100347756837308
1779481297.8094342,0.0,0.0,0.0,0.0,0.0,-0.9965431453309922
1779481297.9095812,0.0,0.0,0.0,0.0,0.0,-0.8667456435565368
1779481298.0096,0.0,0.0,0.0,0.0,0.0,-0.7860385945197386
1779481298.109553,0.0,0.0,0.0,0.0,0.0,-0.6625762745628511
1779481298.2095044,0.0,0.0,0.0,0.0,0.0,-0.5967271615742429
1779481298.3095675,0.0,0.0,0.0,0.0,0.0,-0.5283401725891934
1779481298.4096084,0.0,0.0,0.0,0.0,0.0,-0.4757382002246553
1779481298.509537,0.0,0.0,0.0,0.0,0.0,-0.43188833089302237
1779481298.6096294,0.0,0.0,0.0,0.0,0.0,-0.372490706579147
1779481298.7096825,0.0,0.0,0.0,0.0,0.0,-0.3365632235999771
1779481298.8097498,0.12,0.0,0.0,0.0,0.0,-0.28374511236948896
1779481298.9097066,0.12,0.0,0.0,0.0,0.0,-0.2552157951466012
1779481299.0097475,0.12,0.0,0.0,0.0,0.0,-0.22883795228740442
1779481299.1097615,0.12,0.0,0.0,0.0,0.0,-0.1980042692551529
1779481299.2097414,0.12,0.0,0.0,0.0,0.0,-0.17311369403987212
1779481299.3096602,0.12,0.0,0.0,0.0,0.0,-0.15918956137860096
1779481299.4095845,0.12,0.0,0.0,0.0,0.0,-0.14645180610527975
1779481299.5096488,0.12,0.0,0.0,0.0,0.0,-0.13435502395157742
1779481299.609742,0.12,0.0,0.0,0.0,0.0,-0.12074296488197112
1779481299.7096875,0.12,0.0,0.0,0.0,0.0,-0.10606157464948972
1779481299.8097353,0.12,0.0,0.0,0.0,0.0,-0.09821749675375725
1779481299.909615,0.12,0.0,0.0,0.0,0.0,-0.09079665308049956
1779481300.0097349,0.12,0.0,0.0,0.0,0.0,-0.0825193150424024
1779481300.109788,0.12,0.0,0.0,0.0,0.0,-0.07651313719975583
1779481300.209686,0.12,0.0,0.0,0.0,0.0,-0.06718207010084587
1779481300.3097298,0.12,0.0,0.0,0.0,0.0,-0.06103524721465847
1779481300.4096615,0.12,0.0,0.0,0.0,0.0,-0.05498126123614577
1779481300.5095732,0.12,0.0,0.0,0.0,0.0,-0.04946568877273361
1779481300.6097932,0.12,0.0,0.0,0.0,0.0,-0.035061039111004444
1779481300.709721,0.12,0.0,0.0,0.0,0.0,-0.02441563596689189
1779481300.809706,0.12,0.0,0.0,0.0,0.0,-0.02118518084321641
1779481300.9096498,0.12,0.0,0.0,0.0,0.0,-0.015076800275443778
1779481301.0097861,0.12,0.0,0.0,0.0,0.0,-0.010985314338632701
1779481301.109852,0.12,0.0,0.0,0.0,0.0,-0.007010178326527505
1779481301.2097392,0.12,0.0,0.0,0.0,0.0,-0.0029433385372734655
1779481301.3097837,0.12,0.0,0.0,0.0,0.0,0.00039782198585047723
1779481301.4095383,0.12,0.0,0.0,0.0,0.0,0.0025598151717791673
1779481301.5096295,0.12,0.0,0.0,0.0,0.0,0.0038358856679407975
1779481301.6096132,0.12,0.0,0.0,0.0,0.0,0.007605850027527783
1779481301.7097368,0.12,0.0,0.0,0.0,0.0,0.012274787114296082
1779481301.8095956,0.12,0.0,0.0,0.0,0.0,0.013300526958546222
1779481301.9093187,0.12,0.0,0.0,0.0,0.0,0.014248697656364495
1779481302.0098019,0.12,0.0,0.0,0.0,0.0,0.0190116870252246
1779481302.1097257,0.12,0.0,0.0,0.0,0.0,0.02039272710783102
1779481302.20963,0.12,0.0,0.0,0.0,0.0,0.021125486624083756
1779481302.3095932,0.12,0.0,0.0,0.0,0.0,0.02134186202609456
1779481302.4095685,0.12,0.0,0.0,0.0,0.0,0.022525698805887284
1779481302.5095918,0.12,0.0,0.0,0.0,0.0,0.022911826495751075
1779481302.6096325,0.12,0.0,0.0,0.0,0.0,0.022768043350279044
1779481302.7102091,0.12,0.0,0.0,0.0,0.0,0.02305358537790525
1779481302.8096235,0.12,0.0,0.0,0.0,0.0,0.02411068154130591
1779481302.9096584,0.12,0.0,0.0,0.0,0.0,0.023595646801768844
1779481303.0096684,0.12,0.0,0.0,0.0,0.0,0.02313465418833216
1779481303.1095822,0.12,0.0,0.0,0.0,0.0,0.023091434148798662
1779481303.2095957,0.12,0.0,0.0,0.0,0.0,0.022167020643879543
1779481303.3095992,0.12,0.0,0.0,0.0,0.0,0.02096517513395124
1779481303.4096482,0.12,0.0,0.0,0.0,0.0,0.02046462506266522
1779481303.5097141,0.12,0.0,0.0,0.0,0.0,0.019712521627463175
1779481303.610064,0.12,0.0,0.0,0.0,0.0,0.01905048536652698
1779481303.709774,0.12,0.0,0.0,0.0,0.0,0.018220373386326205
1779481303.809824,0.12,0.0,0.0,0.0,0.0,0.017739175818009212
1779481303.9096584,0.12,0.0,0.0,0.0,0.0,0.016086915605890262
1779481304.0096395,0.12,0.0,0.0,0.0,0.0,0.015372689461727873
1779481304.109608,0.12,0.0,0.0,0.0,0.0,0.014174222979930207
1779481304.2120843,0.0,0.0,0.0,0.0,0.0,0.0
1779481304.3096614,0.0,0.0,0.0,0.0,0.0,0.0
1779481304.409633,0.0,0.0,0.0,0.0,0.0,0.0
1779481304.5097852,0.0,0.0,0.0,0.0,0.0,0.0
1779481304.6097512,0.0,0.0,0.0,0.0,0.0,0.0
1779481304.709765,0.0,0.0,0.0,0.0,0.0,0.0
1779481304.8098633,0.0,0.0,0.0,0.0,0.0,0.0
1779481304.9099894,0.0,0.0,0.0,0.0,0.0,0.0
1779481305.0097556,0.0,0.0,0.0,0.0,0.0,0.0
1779481305.109743,0.0,0.0,0.0,0.0,0.0,0.0
1779481305.2097383,0.0,0.0,0.0,0.0,0.0,0.0
1779481305.3097918,0.0,0.0,0.0,0.0,0.0,0.0
1779481305.4097567,0.0,0.0,0.0,0.0,0.0,0.0
1779481305.5097528,0.0,0.0,0.0,0.0,0.0,0.0
1779481305.6097171,0.0,0.0,0.0,0.0,0.0,0.0
1779481305.7097034,0.0,0.0,0.0,0.0,0.0,0.0
1779481305.809735,0.0,0.0,0.0,0.0,0.0,0.0
1779481305.9097335,0.0,0.0,0.0,0.0,0.0,0.0
1779481306.0096333,0.0,0.0,0.0,0.0,0.0,0.0
1779481306.1097693,0.0,0.0,0.0,0.0,0.0,0.0
